Mrittika Dol,Bhumi,Bunot,N,P,K,S,Z,B,Crop
Bajowa,mh,2,0.093,2.72,0.97,208.35,0.52,1.15,Rosun
Bajowa,mh,2,0.09,2.28,0.96,315.65,1.65,1.01,Rosun
Bajowa,mh,2,0.144,2.42,0.82,246.17,1.19,1.05,Rosun
Bajowa,mh,2,0.133,2.85,1.08,222.4,0.47,0.95,Rosun
Bajowa,mh,2,0.151,5.88,0.82,177.56,0.47,0.95,Rosun
Bajowa,mh,2,0.134,13.01,0.6,265.37,1.01,0.73,Rosun
Bajowa,mh,2,0.134,13.55,0.58,225.22,1,0.56,Rosun
Bajowa,mh,2,0.107,5.74,0.78,170.35,0.49,0.81,Rosun
Bajowa,mh,2,0.12,4.84,0.86,143.37,0.46,0.78,Rosun
Bajowa,mh,2,0.193,4.89,0.88,133.84,0.4,0.52,Rosun
Jhalkathi,mh,2,0.155,4.13,0.95,221.35,1.68,1.38,Rosun
Jhalkathi,mh,2,0.162,1.54,0.77,339.94,1.62,0.55,Rosun
Jhalkathi,mh,2,0.124,9.01,0.5,188.01,0.43,0.37,Rosun
Jhalkathi,mh,2,0.165,9.59,0.97,200.21,4.13,1.11,Rosun
Jhalkathi,mh,2,0.189,3.75,0.83,566.56,2.6,0.98,Rosun
Barisal,mh,3,0.086,6.12,1.22,180.93,0.5,2.16,Rosun
Barisal,mh,3,0.12,2.57,1.3,483.28,1.33,2.68,Rosun
Barisal,mh,3,0.11,5.88,1.18,178.13,0.66,1.53,Rosun
Barisal,mh,3,0.096,7.53,1.28,306.05,0.6,1.24,Rosun
Barisal,mh,3,0.117,10.5,0.9,209.4,0.64,0.84,Rosun
Barisal,mh,3,0.103,5.63,0.49,362.79,1.51,0.6,Rosun
Barisal,mh,3,0.151,12.06,0.78,287.18,2.23,0.41,Rosun
Barisal,mh,3,0.172,6.7,0.56,283.66,2.34,0.43,Rosun
Bajowa,mh,2,0.151,5.4,0.66,174.67,1.08,0.96,Rosun
Bajowa,mh,2,0.172,4.2,0.74,241.52,0.66,0.57,Rosun
Bajowa,mh,2,0.148,6.83,1.06,255.27,1.13,1.53,Rosun
Bajowa,mh,2,0.148,6.61,1.19,260.43,0.6,1.51,Rosun
Bajowa,mh,2,0.158,5.11,0.86,334.69,1.53,1.32,Rosun
Bajowa,mh,2,0.151,3.13,0.73,233.75,1.09,1.61,Rosun
Bajowa,mh,2,0.11,4.24,0.69,175.81,1.02,0.36,Rosun
Dumuria,mh,3,0.113,3.02,0.7,95.43,0.58,0.34,Rosun
Dumuria,mh,3,0.165,5.09,0.7,158.19,0.61,0.94,Rosun
Dumuria,mh,3,0.127,4.84,0.7,117.39,0.43,0.51,Rosun
Dumuria,mh,3,0.151,5.14,0.86,163.29,0.87,0.99,Rosun
Dumuria,mh,3,0.134,9.03,0.76,150.8,0.77,0.85,Rosun
Dumuria,mh,3,0.148,5.25,0.89,201.32,0.88,0.91,Rosun
Dumuria,mh,3,0.117,3.37,0.9,519.47,2.05,0.96,Rosun
Dumuria,mh,3,0.124,7.15,0.74,193.39,0.63,0.84,Rosun
Barisal,mh,3,0.155,4.4,0.74,358.38,2.07,0.93,Rosun
Barisal,mh,3,0.151,3.29,0.8,582.36,1.95,0.82,Rosun
Barisal,mh,3,0.148,3.65,0.82,177.13,0.77,0.87,Rosun
Barisal,mh,3,0.141,2.97,1.01,153.3,0.96,0.99,Rosun
Barisal,mh,3,0.155,12.16,0.74,235.17,0.55,0.74,Rosun
Barisal,mh,3,0.172,3.08,0.87,226.33,1.47,0.82,Rosun
Barisal,mh,3,0.169,7.21,0.82,191.16,0.63,1.04,Rosun
Barisal,mh,3,0.158,3.33,0.87,285.89,0.83,0.86,Rosun
Barisal,mh,3,0.158,6.99,0.88,251.17,1.41,1.02,Rosun
Barisal,mh,3,0.141,5.03,0.97,171.2,1.01,1.36,Rosun
Barisal,mh,3,0.141,2.54,1.17,309.63,2.29,1.27,Rosun
Barisal,mh,3,0.158,3.11,0.68,350.93,2.67,1.01,Rosun
Barisal,mh,3,0.127,5.36,0.77,238.7,1.01,0.81,Rosun
Barisal,mh,3,0.182,3.19,0.7,115.27,1.25,0.76,Rosun
Barisal,mh,3,0.144,3.5,0.77,389.81,0.8,1.16,Rosun
Barisal,mh,3,0.151,2.69,0.69,143.92,1.64,1.27,Rosun
Barisal,mh,3,0.103,8.68,1.13,177.06,0.79,1.95,Rosun
Barisal,mh,3,0.144,2.33,0.7,391.33,1.19,1.09,Rosun
Barisal,mh,3,0.12,3.25,0.76,259.53,1.35,0.7,Rosun
Barisal,mh,3,0.165,3.62,0.77,148.6,1.26,0.93,Rosun
Barisal,mh,3,0.213,1.13,0.75,419.59,1.71,0.76,Rosun
Barisal,mh,3,0.169,1.89,0.71,453.92,1.91,1.16,Rosun
Barisal,mh,3,0.127,2.18,0.64,250.06,1.97,1.19,Rosun
Barisal,mh,3,0.158,1.9,0.71,360.05,1.52,1.01,Rosun
Barisal,mh,3,0.158,4.15,0.7,138.37,1.72,1.34,Rosun
Barisal,mh,3,0.158,3.99,0.71,167.48,1.85,1.44,Rosun
Barisal,mh,3,0.148,4.4,0.78,140.9,1.22,1.24,Rosun
Barisal,mh,3,0.196,1.93,0.68,181.1,1.4,0.94,Rosun
Barisal,mh,3,0.172,2.21,0.4,248.72,1.2,1.36,Rosun
Barisal,mh,3,0.193,2.51,0.78,179.63,1.15,1.41,Rosun
Barisal,mh,3,0.196,3.57,1.45,154.38,2.2,0.77,Rosun
Barisal,mh,3,0.134,2.42,0.8,341.65,1.59,1.32,Rosun
Barisal,mh,3,0.144,3.08,1.32,133.86,1.6,2.22,Rosun
Barisal,mh,3,0.175,3.73,1.27,209.47,0.84,2.48,Rosun
Jhalkathi,mh,2,0.151,2.79,0.75,238.64,1.54,0.95,Rosun
Jhalkathi,mh,2,0.165,2.65,1.53,256.25,1.99,1.37,Rosun
Jhalkathi,mh,2,0.172,4.08,1.55,146.29,2.71,1.12,Rosun
Dumuria,mh,3,0.144,3.41,1.27,208.31,1.47,3.3,Rosun
Dumuria,mh,3,0.148,6.34,1.26,203.31,0.87,2.5,Rosun
Dumuria,mh,3,0.107,8.49,0.79,239.36,0.75,1.36,Rosun
Dumuria,mh,3,0.172,15.4,0.58,95.97,1.3,0.87,Rosun
Dumuria,mh,3,0.169,15.97,0.62,313.04,0.62,0.98,Rosun
Dumuria,mh,3,0.165,9.01,0.59,92.45,0.43,0.78,Rosun
Dumuria,mh,3,0.182,11.13,1.18,240.58,2.27,1.83,Rosun
Dumuria,mh,3,0.089,8.16,1.24,186.98,1.6,3.11,Rosun
Dumuria,mh,3,0.117,11.29,1.16,118.98,1.25,2.82,Rosun
Dumuria,mh,3,0.127,9.93,1.01,353.11,0.68,2.12,Rosun
Dumuria,mh,3,0.113,10.69,1.09,330.59,0.58,2.3,Rosun
Dumuria,mh,3,0.124,9.9,0.86,165.73,0.64,2.04,Rosun
Dumuria,mh,3,0.113,8,0.91,93.56,0.47,1.66,Rosun
Dumuria,mh,3,0.141,7.81,1,187.63,0.66,1.92,Rosun
Dumuria,mh,3,0.162,12.46,0.74,282.34,0.45,1.45,Rosun
Barisal,mh,3,0.151,10.31,0.72,263.56,0.47,1.2,Rosun
Barisal,mh,3,0.179,4.3,0.65,269.77,1.14,1.68,Rosun
Barisal,mh,3,0.172,5.96,0.85,193.19,1.08,1.51,Rosun
Barisal,mh,3,0.162,8.08,1.26,450.97,1.53,3.1,Rosun
Barisal,mh,3,0.093,4.08,0.9,218012,1.13,1.73,Rosun
Barisal,mh,3,0.12,2.4,0.73,413.08,1.54,0.98,Rosun
Barisal,mh,3,0.117,2.25,0.75,245.59,1.55,1.89,Rosun
Barisal,mh,3,0.086,2.72,0.68,98.41,1.05,1.32,Rosun
Barisal,mh,3,0.117,1.94,0.67,122.17,1.44,1.57,Rosun
Barisal,mh,3,0.11,6.75,0.82,117.72,1.29,1.51,Rosun
Barisal,mh,3,0.117,2.29,1.02,437.69,1.35,1.84,Rosun
Barisal,mh,3,0.083,3.58,1.12,151.45,1.07,2.25,Rosun
Barisal,mh,3,0.113,2.06,0.88,142.46,0.87,10.9,Rosun
Barisal,mh,3,0.155,1.94,0.91,123.84,0.85,9.78,Rosun
Barisal,mh,3,0.12,6.46,0.86,230.62,1.29,9.11,Rosun
Barisal,mh,3,0.131,9.88,0.71,260.29,2.25,13.38,Rosun
Barisal,mh,3,0.141,14.41,0.7,436.12,1.39,12.86,Rosun
Barisal,mh,3,0.1,7.8,0.81,106.05,1.32,7.66,Rosun
Barisal,mh,3,0.065,6.73,1.3,108.36,0.69,10.22,Rosun
Jhalkathi,mh,3,0.12,5.22,0.71,57.58,0.57,13.84,Mugg
Jhalkathi,mh,3,0.179,4.41,0.68,41.16,0.79,10.26,Mugg
Jhalkathi,mh,3,0.086,4,0.7,52.62,0.63,11.6,Mugg
Jhalkathi,mh,3,0.127,4.65,0.68,71.93,0.59,10.44,Rosun
Barisal,mh,3,0.103,6.58,0.91,196.19,0.82,13.48,Rosun
Barisal,mh,3,0.113,6.56,1.12,315.25,0.69,0.96,Rosun
Barisal,mh,3,0.124,5.9,0.86,145.7,0.98,0.66,Rosun
Barisal,mh,3,0.141,5.96,0.74,223.6,1.25,1.01,Rosun
Barisal,mh,3,0.11,9.36,1.13,398.94,0.85,1.46,Rosun
Barisal,mh,3,0.127,4.68,1.28,92.15,1.62,2.16,Rosun
Komolakati,mh,3,0.113,5.22,0.72,247.62,1.2,1.27,Rosun
Bajowa,mh,2,0.113,17.39,0.66,298.65,1.3,1.12,Rosun
Dumuria,mh,3,0.093,6.58,0.8,124.65,0.62,1.02,Rosun
Chandina,mh,1,0.097,4.71,0.18,48.3,0.35,0.76,Mugg
Chandina,mh,1,0.073,3.23,0.1,26.73,0.23,0.74,Mugg
Chandina,mh,1,0.106,1.26,0.16,31.84,0.46,0.62,Mugg
Chandina,mh,1,0.061,11.26,0.11,35.85,0.27,0.78,Mugg
Chandina,mh,1,0.1,16.44,0.11,33.29,0.52,0.7,Mugg
Chandina,mh,1,0.096,2.85,0.14,42.23,0.65,0.66,Mugg
Chandina,mh,1,0.094,4.89,0.14,43.99,0.32,0.73,Mugg
Chandina,mh,1,0.093,8.39,0.18,34.93,0.82,0.98,Mugg
Chandina,mh,1,0.123,10.12,0.17,43.62,0.5,0.81,Mugg
Chandina,mh,1,0.166,7.21,0.17,42.47,1.01,0.84,Mugg
Chandina,mh,1,0.071,3.6,0.13,31.56,0.51,0.49,Mugg
Chandina,mh,1,0.131,4.65,0.18,39.47,0.63,0.81,Mugg
Chandina,mh,1,0.133,1.14,0.14,40.51,0.48,0.89,Mugg
Chandina,mh,1,0.069,18.27,0.16,33.43,0.67,0.55,Mugg
Chandina,mh,1,0.113,1.11,0.12,37.25,0.44,0.84,Mugg
Chandina,mh,1,0.097,4.99,0.2,44.59,0.58,0.9,Mugg
Chandina,mh,1,0.099,2.69,0.1,48.23,0.63,0.58,Mugg
Chhilania,mh,2,0.048,8.33,0.25,137.91,0.53,0.92,Rosun
Chhilania,mh,2,0.078,9.19,0.16,35.31,0.81,0.68,Mugg
Chhilania,mh,2,0.105,4.97,0.18,51.84,0.37,0.73,Mugg
Chhilania,mh,2,0.077,5.44,0.2,112.24,1.02,1,Rosun
Chandina,mh,1,0.131,4.65,0.18,39.47,0.63,0.81,Mugg
Chandina,mh,1,0.133,1.14,0.14,40.51,0.48,0.89,Mugg
Chandina,mh,1,0.149,5.7,0.31,32.71,0.91,0.78,Mugg
Chandina,mh,1,0.088,2.54,0.22,45.49,0.62,0.78,Mugg
Chandina,mh,1,0.103,1.41,0.19,38.69,0.54,0.69,Mugg
Chandina,mh,1,0.153,6.07,0.18,39.4,0.77,0.71,Mugg
Chandina,mh,1,0.089,2.8,0.19,37.74,1.02,0.58,Mugg
Chhilania,mh,1,0.049,13.78,0.11,36.64,0.58,0.62,Mugg
Chhilania,mh,1,0.139,10.07,0.26,45.11,1,0.61,Mugg
Debidwar,mh,1,0.067,15.47,0.17,38.1,0.66,0.6,Mugg
Faridganj,mh,1,0.097,5.46,0.19,94.62,1.11,0.61,Rosun
Faridganj,mh,1,0.048,8.7,0.24,288.51,0.44,0.66,Rosun
Faridganj,mh,1,0.037,9.23,0.25,71.73,1.47,0.67,Rosun
Faridganj,mh,1,0.051,10.21,0.24,33.67,1.14,0.68,Mugg
Chandina,mh,1,0.121,4.41,0.17,37.5,0.42,0.83,Mugg
Chandina,mh,1,0.1,3.07,0.14,38.84,0.55,0.67,Mugg
Ramgati,mh,1,0.09,2.12,0.15,31.09,0.6,0.68,Mugg
Ramgati,mh,1,0.116,2.72,0.18,104.61,2.09,0.59,Rosun
Ramgati,mh,1,0.109,1.78,0.14,64.04,0.43,0.6,Rosun
Ramgati,mh,1,0.087,2.23,0.12,31.51,0.36,0.59,Mugg
Ramgati,mh,1,0.105,5.01,0.16,151,0.59,0.4,Rosun
Ramgati,mh,1,0.084,4.37,0.07,39.01,0.41,0.64,Mugg
Ramgati,mh,1,0.104,3.87,0.2,42.03,1.13,0.64,Mugg
Ramgati,mh,1,0.099,6.17,0.11,38.26,0.4,0.07,Mugg
Ramgati,mh,1,0.104,3.87,0.2,42.03,1.13,0.64,Mugg
Ramgati,mh,1,0.099,6.17,0.11,38.26,0.4,0.07,Mugg
Ramgati,mh,1,0.1,1.82,0.07,26.32,0.57,0.68,Mugg
Ramgati,mh,1,0.128,10.68,0.15,40.7,0.88,0.56,Mugg
Ramgati,mh,1,0.086,6.84,0.27,84.83,1.97,0.68,Rosun
Ramgati,mh,1,0.089,1.24,0.19,41.2,0.5,0.63,Mugg
Ramgati,mh,1,0.044,14.2,0.06,31.4,0.79,0.58,Mugg
Ramgati,mh,1,0.087,4.78,0.13,54.49,0.58,0.77,Mugg
Ramgati,mh,1,0.103,1.8,0.25,46.58,1.61,0.62,Mugg
Ramgati,mh,1,0.105,7.38,0.19,54.65,0.73,0.65,Mugg
Ramgati,mh,1,0.13,1.14,0.15,46.25,0.46,0.77,Mugg
Ramgati,mh,1,0.08,6.75,0.2,219.29,0.56,0.89,Rosun
Ramgati,mh,1,0.094,5.19,0.11,69.16,0.51,0.63,Rosun
Ramgati,mh,1,0.102,3.35,0.32,146.16,0.98,0.98,Rosun
Ramgati,mh,1,0.059,1.63,0.3,84.31,1.85,0.64,Rosun
Ramgati,mh,1,0.088,6.06,0.2,157.63,0.48,0.71,Rosun
Ramgati,mh,1,0.101,3.67,0.23,116.23,0.89,0.8,Rosun
Ramgati,mh,1,0.106,3.11,0.19,172.42,0.75,0.85,Rosun
Ramgati,mh,1,0.122,1.26,0.25,71.88,0.87,0.68,Rosun
Hatia,mh,1,0.076,9.98,0.31,30.09,1.13,0.86,Mugg
Ramgati,mh,1,0.093,9.7,0.22,41.4,0.48,0.62,Mugg
Ramgati,mh,1,0.122,1.26,0.25,71.88,0.87,0.68,Rosun
Hatia,mh,2,0.076,9.98,0.31,30.09,1.13,0.86,Mugg
Ramgati,mh,1,0.093,9.7,0.22,41.4,0.48,0.62,Mugg
Ramgati,mh,1,0.107,11.27,0.27,80.37,1.95,0.73,Rosun
Ramgati,mh,1,0.087,4.78,0.13,54.49,0.58,0.77,Mugg
Ramgati,mh,1,0.103,1.8,0.25,46.58,1.61,0.62,Mugg
Ramgati,mh,1,0.105,7.38,0.19,54.65,0.73,0.65,Mugg
Ramgati,mh,1,0.13,1.14,0.15,46.25,0.46,0.77,Mugg
Ramgati,mh,1,0.08,6.75,0.2,219.29,0.56,0.89,Rosun
Ramgati,mh,1,0.094,5.19,0.11,69.16,0.51,0.63,Rosun
Ramgati,mh,1,0.102,3.35,0.32,146.16,0.98,0.98,Rosun
Ramgati,mh,1,0.059,1.63,0.3,84.31,1.85,0.64,Rosun
Ramgati,mh,1,0.088,6.06,0.2,157.63,0.48,0.71,Rosun
Ramgati,mh,1,0.101,3.67,0.23,116.23,0.89,0.8,Rosun
Ramgati,mh,1,0.106,3.11,0.19,172.42,0.75,0.85,Rosun
Ramgati,mh,1,0.122,1.26,0.25,71.88,0.87,0.68,Rosun
Hatia,mh,2,0.076,9.98,0.31,30.09,1.13,0.86,Mugg
Ramgati,mh,1,0.093,9.7,0.22,41.4,0.48,0.62,Mugg
Ramgati,mh,1,0.107,11.27,0.27,80.37,1.95,0.73,Rosun
Hatia,mh,2,0.068,5.48,0.22,35.94,0.76,0.93,Mugg
Ramgati,mh,1,0.087,4.78,0.13,54.49,0.58,0.77,Mugg
Ramgati,mh,1,0.103,1.8,0.25,46.58,1.61,0.62,Mugg
Ramgati,mh,1,0.105,7.38,0.19,54.65,0.73,0.65,Mugg
Ramgati,mh,1,0.13,1.14,0.15,46.25,0.46,0.77,Mugg
Ramgati,mh,1,0.08,6.75,0.2,219.29,0.56,0.89,Rosun
Ramgati,mh,1,0.094,5.19,0.11,69.16,0.51,0.63,Rosun
Ramgati,mh,1,0.102,3.35,0.32,146.16,0.98,0.98,Rosun
Ramgati,mh,1,0.059,1.63,0.3,84.31,1.85,0.64,Rosun
Ramgati,mh,1,0.088,6.06,0.2,157.63,0.48,0.71,Rosun
Ramgati,mh,1,0.101,3.67,0.23,116.23,0.89,0.8,Rosun
Ramgati,mh,1,0.106,3.11,0.19,172.42,0.75,0.85,Rosun
Ramgati,mh,1,0.122,1.26,0.25,71.88,0.87,0.68,Rosun
Hatia,mh,2,0.076,9.98,0.31,30.09,1.13,0.86,Mugg
Ramgati,mh,1,0.093,9.7,0.22,41.4,0.48,0.62,Mugg
Ramgati,mh,1,0.107,11.27,0.27,80.37,1.95,0.73,Rosun
Hatia,mh,2,0.068,5.48,0.22,35.94,0.76,0.93,Mugg
Hatia,mh,2,0.123,2.5,0.2,74.98,1.12,0.67,Rosun
Hatia,mh,2,0.096,2.84,0.14,56.72,0.43,0.69,Mugg
Hatia,mh,2,0.088,3.17,0.24,93.38,1.36,0.66,Rosun
Hatia,mh,2,0.093,10.63,0.17,173.82,0.62,0.71,Rosun
Hatia,mh,2,0.087,8.78,0.2,93.69,0.76,0.82,Rosun
Hatia,mh,2,0.065,8.54,0.26,25.07,0.87,0.97,Mugg
Hatia,mh,2,0.085,11.03,0.23,78.34,0.66,0.85,Rosun
Hatia,mh,2,0.163,8.48,0.26,182.81,1.12,0.87,Rosun
Ramgati,mh,1,0.068,2.74,0.18,66.65,0.73,0.75,Rosun
Ramgati,mh,1,0.074,6.81,0.24,147.61,1.14,0.87,Rosun
Ramgati,mh,1,0.033,5.13,0.18,32.93,0.61,0.92,Mugg
Ramgati,mh,1,0.071,11.9,0.31,238.01,0.69,0.84,Rosun
Ramgati,mh,1,0.053,7.62,0.29,33,0.58,0.54,Mugg
Ramgati,mh,1,0.063,3.76,0.11,56.91,1.07,0.84,Mugg
Ramgati,mh,1,0.061,8.13,0.25,89.11,0.64,0.78,Rosun
Ramgati,mh,1,0.091,7.86,0.21,37.78,0.93,1.03,Mugg
Ramgati,mh,1,0.064,11.97,0.22,46.71,0.73,0.78,Mugg
Ramgati,mh,1,0.093,5.57,0.13,39.07,1.46,0.67,Mugg
Ramgati,mh,1,0.075,5.52,0.26,34.73,0.73,0.91,Mugg
Ramgati,mh,1,0.113,15.11,0.15,154.23,0.54,0.67,Rosun
Ramgati,mh,1,0.113,15.11,0.15,154.23,0.54,0.67,Rosun
Hatia,mh,1,0.083,11.77,0.23,42.73,0.69,0.82,Mugg
Hatia,mh,2,0.107,15.42,0.19,169.53,1.65,0.92,Rosun
Hatia,mh,1,0.066,6.46,0.39,37.94,0.72,0.91,Mugg
Hatia,mh,1,0.094,1.32,0.08,67.56,1.22,0.85,Rosun
Hatia,mh,1,0.075,3.95,0.14,121.61,0.61,0.9,Rosun
Nijhuri,hh,1,0.17,4.78,0.19,1.98,1.72,0.04,Kheshari
Nijhuri,hh,1,0.11,13.97,0.17,5.97,1.25,0.19,Mugg
Nijhuri,hh,1,0.15,17.29,0.3,12.62,2.57,0.45,Mugg
Nijhuri,hh,1,0.03,15.57,0.36,10.86,2.36,0.21,Mugg
Nijhuri,hh,1,0.13,16.87,0.2,8.05,2.34,0.47,Mugg
Nijhuri,hh,1,0.09,11.98,0.19,10.75,3.09,0.09,Mugg
Nijhuri,hh,1,0.09,33.87,0.15,6.43,2.57,0.18,Mugg
Amnura,mh,1,0.11,30,0.18,3.14,1.18,0.32,Mugg
Amnura,mh,1,0.14,14.32,0.16,15.03,1.08,0.3,Mugg
Amnura,mh,1,0.16,10.03,0.22,7.13,0.57,0.27,Mugg
Amnura,mh,1,0.08,29.36,0.23,5.27,1.88,0.29,Mugg
Nijhuri,mh,1,0.12,12.4,0.13,9.97,0.77,0.2,Mugg
Nijhuri,mh,1,0.13,21.51,0.15,3.1,1.6,0.58,Mugg
Nijhuri,mh,1,0.12,13.57,0.19,7.47,1.28,0.33,Mugg
Nijhuri,mh,1,0.11,32.9,0.37,42.14,2.01,2.1,Mugg
Nijhuri,mh,1,0.12,37.91,0.28,13.81,2.74,0.36,Mugg
Nijhuri,mh,1,0.19,19.81,0.15,7.36,1.56,0.4,Mugg
Nijhuri,mh,1,0.19,10.12,0.18,11.59,1.07,1.28,Mugg
Nijhuri,mh,1,0.17,28.17,0.13,6.9,3.43,0.39,Mugg
Amnura,mh,2,0.14,33.7,0.13,8.67,0.41,0.24,Mugg
Amnura,mh,2,0.17,16.66,0.17,7.9,0.91,0.87,Mugg
Amnura,mh,2,0.17,31.56,0.37,42.08,0.83,1.08,Mugg
Amnura,mh,2,0.1,7.14,0.12,6.59,0.58,0.23,Kheshari
Amnura,mh,2,0.15,24.83,0.15,6.24,2.83,0.45,Mugg
Amnura,mh,2,0.11,33.96,0.26,20.69,0.9,0.04,Mugg
Amnura,mh,2,0.13,26.61,0.19,11.82,3.03,0.05,Mugg
Amnura,mh,2,0.15,21.76,0.15,8.74,3.41,0.37,Mugg
Amnura,mh,2,0.16,10.5,0.17,4.42,1.38,0.04,Mugg
Amnura,mh,2,0.11,25.6,0.34,44.82,2.55,1.03,Mugg
Amnura,mh,2,0.12,20.63,0.12,7.4,0.53,0.37,Mugg
Amnura,mh,2,0.15,25.23,0.2,11.82,3.07,0.66,Mugg
Ekdala,mh,2,0.15,17.18,0.19,20.76,1.54,0.39,Mugg
Ekdala,mh,2,0.15,8.42,0.18,3.03,1.65,0.04,Kheshari
Ekdala,mh,2,0.1,8.85,0.16,2.41,0.54,0.14,Kheshari
Ekdala,mh,2,0.17,25.98,0.2,18.91,1.87,0.16,Mugg
Ekdala,mh,2,0.18,23.03,0.16,8.86,3,0.14,Mugg
Ekdala,mh,2,0.16,8.01,0.19,14.19,3.94,0.15,Mugg
Amnura,mh,1,0.16,9.32,0.17,9.18,0.97,0.02,Mugg
Amnura,mh,1,0.17,2.83,0.22,31.56,0.84,0.24,Mugg
Amnura,mh,1,0.11,11.19,0.15,16.17,1.3,0.38,Mugg
Ekdala,mh,2,0.11,3.86,0.17,14.15,1.09,0.25,Kheshari
Ekdala,mh,2,0.12,3.65,0.33,25.89,2.27,0.2,Mugg
Ekdala,mh,2,0.13,3.91,0.2,2.64,1.21,0.33,Kheshari
Ekdala,mh,2,0.16,5.64,0.22,1.98,1.37,0.39,Kheshari
Ekdala,mh,2,0.17,9.81,0.24,12.13,3.16,0.24,Mugg
Ekdala,mh,2,0.13,6.71,0.19,4.11,0.83,0.3,Kheshari
Ekdala,mh,2,0.14,8.1,0.21,11.97,0.74,0.45,Mugg
Ekdala,mh,2,0.18,13.91,0.24,22.65,1.08,0.72,Mugg
Ekdala,mh,2,0.17,23.48,0.27,6.58,1.29,0.71,Mugg
Ekdala,mh,2,0.17,8.81,0.19,16.59,0.24,0.61,Mugg
Ekdala,mh,2,0.07,7.38,0.16,3.86,0.82,0.23,Kheshari
Ekdala,mh,2,0.15,10.36,0.21,11.17,0.86,0.16,Mugg
Ekdala,mh,2,0.16,4.89,0.22,13.2,3.89,0.25,Kheshari
Ekdala,mh,2,0.18,7.52,0.21,16.82,0.78,0.3,Mugg
Ekdala,mh,2,0.16,9.53,0.19,23.52,0.47,0.28,Mugg
Amnura,ml,1,0.18,3.74,0.25,9.55,0.59,0.24,Kheshari
Amnura,ml,1,0.12,5.14,0.16,7.67,2.62,0.13,Kheshari
Ekdala,ml,2,0.12,1.93,0.4,15.64,1.27,0.13,Kheshari
Ekdala,ml,2,0.13,2.5,0.3,10.29,0.92,0.75,Kheshari
Ekdala,ml,2,0.15,2.15,0.26,4.81,1.23,0.22,Kheshari
Ekdala,ml,2,0.18,7.76,0.3,11.44,0.92,0.19,Mugg
Ekdala,ml,2,0.2,5.29,0.26,7.17,0.87,0.47,Kheshari
Ekdala,ml,2,0.17,5.19,0.27,13.43,1.68,0.53,Mugg
Ekdala,ml,2,0.18,4.59,0.17,9.94,0.83,0.43,Kheshari
Ekdala,ml,2,3.17,3.74,0.23,10.79,0.66,0.38,Kheshari
Ekdala,ml,2,0.18,11.41,0.32,18.83,0.85,0.39,Mugg
Ekdala,ml,2,0.18,2.41,0.24,28.13,1.01,0.12,Mugg
Ekdala,ml,2,0.17,3.43,0.26,11.51,0.64,0.07,Kheshari
Binshara,ml,3,0.15,8.56,0.2,6.67,0.8,0.11,Mugg
Binshara,ml,3,0.17,5.19,0.24,12.09,0.47,0.13,Kheshari
Binshara,ml,3,0.15,4.67,0.2,17.88,2.72,0.05,Mugg
Binshara,ml,3,0.19,2.57,0.29,9.33,1.28,0.13,Kheshari
Binshara,ml,3,0.18,3.88,0.22,10.6,0.93,0.16,Kheshari
Binshara,ml,3,0.1,4.45,0.02,18.34,1.97,0.32,Mugg
Binshara,ml,3,0.13,5.64,0.22,23.67,1.99,0.31,Mugg
Binshara,ml,3,0.18,40.2,0.35,31.94,1.7,0.58,Mugg
Binshara,ml,3,0.09,35.43,0.3,23.86,1.37,0.41,Mugg
Binshara,ml,3,0.13,12.72,0.17,8.44,1.35,0.33,Mugg
Binshara,ml,3,0.18,8.2,0.24,15.79,1.27,0.43,Mugg
Binshara,ml,3,0.19,27.47,0.3,9.71,0.87,0.77,Mugg
Binshara,ml,3,0.19,7.12,0.22,17.2,1.36,0.76,Mugg
Binshara,ml,3,0.2,2.38,0.23,16.86,0.5,0.5,Kheshari
Tarash,ml,3,0.09,1.94,0.34,12.09,1.85,0.48,Kheshari
Tarash,ml,3,0.14,4.58,0.36,14.73,1.79,0.48,Mugg
Tarash,ml,3,0.15,5.32,0.34,26.34,2.85,0.69,Mugg
Tarash,ml,3,0.14,30.6,0.26,6.89,0.81,0.65,Mugg
Tarash,ml,3,0.14,9.38,0.32,9.63,2.12,0.54,Mugg
Tarash,ml,3,0.11,4.65,0.35,20.12,1.76,0.79,Mugg
Tarash,ml,3,0.14,2.45,0.28,19.93,1.37,0.54,Mugg
Tarash,ml,3,0.18,7.06,0.36,20.39,1.8,0.52,Mugg
Tarash,ml,3,0.19,2.18,0.37,9.4,1.04,0.54,Kheshari
Tarash,ml,3,0.18,3.06,0.24,8.86,0.57,0.72,Kheshari
Tarash,l,3,0.17,1.51,0.25,18.15,0.57,0.71,Kheshari
Tarash,l,3,0.18,1.27,0.38,20.65,1.04,0.52,Mugg
Binshara,ml,3,0.17,6.87,0.34,17.2,2.57,0.29,Mugg
Binshara,ml,3,0.08,30.01,0.21,9.17,2.38,0.36,Mugg
Binshara,ml,3,0.15,4.32,0.4,10.33,2.98,0.44,Kheshari
Binshara,ml,3,0.18,3.09,0.31,6.24,1.24,0.79,Kheshari
Tarash,ml,3,0.18,2.15,0.36,7.32,1.57,1.1,Kheshari
Tarash,ml,3,0.13,38.7,0.3,6.82,0.79,0.58,Mugg
Tarash,ml,3,0.13,6.42,0.65,2.27,2.36,0.71,Kheshari
Binshara,l,3,0.16,6.67,0.34,12.55,2.69,1,Mugg
Binshara,l,3,0.13,24.36,0.21,7.44,2.46,0.45,Mugg
Tarash,l,3,0.09,42.73,0.37,16.06,1.46,0.19,Mugg
Tarash,l,3,0.14,5.23,0.38,10.21,1.41,0.55,Kheshari
Tarash,l,3,0.14,5.89,0.31,6.93,1.31,0.41,Kheshari
Tarash,l,3,0.14,5.8,0.41,12.39,1.33,0.53,Mugg
Tarash,l,3,0.08,4.38,0.38,15.83,1.01,0.45,Mugg
Tarash,l,3,0.12,6.28,0.28,12.59,1.02,0.49,Mugg
Tarash,l,3,0.8,24.1,0.3,23.03,0.72,0.41,Mugg
Tarash,l,3,0.11,26.92,0.33,18.83,0.84,0.38,Mugg
Tarash,l,3,0.12,13.77,0.38,25.44,1.77,0.28,Mugg
Tarash,l,3,0.08,26.29,0.28,12.74,0.68,0.38,Mugg
Tarash,l,3,0.14,4.97,0.37,15.18,1.09,0.46,Mugg
Tarash,l,3,0.11,3.86,0.36,14.92,1.03,0.19,Kheshari
Tarash,l,3,0.1,3.54,0.34,8.42,1.98,0.81,Kheshari
Tarash,l,3,0.11,3.07,0.34,29.22,1.32,0.76,Mugg
Tarash,l,3,0.11,13.09,0.39,16.17,1.66,1.01,Mugg
Tarash,l,3,0.15,7.78,0.28,11.59,0.72,0.62,Mugg
Tarash,l,3,0.13,4.41,0.38,11.44,1.26,0.32,Kheshari
Tarash,l,3,0.08,4.8,0.32,12.2,0.84,0.52,Kheshari
Tarash,l,3,0.11,3.46,0.32,15.98,1.11,0.44,Kheshari
Tarash,l,3,0.11,45.93,0.5,18.34,1.23,0.48,Mugg
Tarash,l,3,0.1,7.53,0.38,12.51,1.24,0.45,Mugg
Tarash,l,3,0.08,6.41,0.32,14.5,0.65,0.4,Mugg
Tarash,l,3,0.07,7.79,0.35,6.63,0.58,0.78,Kheshari
Jamun,h,1,0.07,25.81,0.17,5.39,0.74,0.13,Mugg
Jamun,mh,1,0.1,9.53,0.22,3.22,0.5,0.68,Kheshari
Amgaon,mh,1,0.12,6.92,0.19,11.25,0.42,0.64,Mugg
Jamun,mh,1,0.11,18.58,0.28,10.06,0.81,1.05,Mugg
Jamun,mh,1,0.11,13.37,0.16,5.2,0.73,0.75,Mugg
Jamun,mh,1,0.13,14.42,0.16,5.74,0.49,0.85,Mugg
Amgaon,mh,1,0.13,9.26,0.18,11.98,1.15,0.96,Mugg
Amgaon,mh,1,0.14,6.32,0.15,3.69,0.53,0.67,Kheshari
Amgaon,mh,1,0.14,7.48,0.18,2.91,0.54,0.51,Kheshari
Amgaon,mh,1,0.11,19.35,0.29,7.59,0.64,0.15,Mugg
Amgaon,mh,1,0.15,4.02,0.16,3.8,0.49,0.31,Kheshari
Amgaon,mh,1,0.1,24.07,0.22,4.58,0.34,0.29,Mugg
Amgaon,mh,1,0.12,4.33,0.19,5.47,1.17,0.5,Kheshari
Amgaon,mh,1,0.12,0.58,0.22,8.27,0.52,0.69,Kheshari
Matiya,ml,2,0.18,0.77,0.35,22.24,0.8,0.88,Mugg
Matiya,ml,2,0.13,8.76,0.19,7.17,0.59,0.69,Mugg
Matiya,ml,2,0.15,22.38,0.25,10.29,0.64,0.52,Mugg
Matiya,ml,2,0.18,1.29,0.26,15.03,2.21,0.64,Kheshari
Matiya,ml,2,0.12,1.7,0.26,16.78,0.67,0.12,Kheshari
Matiya,ml,2,0.11,9.37,0.32,11.05,0.65,0.45,Mugg
Matiya,ml,2,0.16,3.05,0.19,23.48,0.56,0.44,Mugg
Matiya,ml,2,0.1,4.8,0.25,13.16,0.62,0.68,Kheshari
Matiya,ml,2,0.12,4.92,0.25,11.21,0.93,0.6,Kheshari
Matiya,ml,2,0.09,6.96,0.28,8.62,0.8,0.7,Kheshari
Loshkora,ml,3,0.19,3.87,0.32,15.75,14.45,0.54,Mugg
Loshkora,ml,3,0.13,2.09,0.27,8.21,0.98,0.64,Kheshari
Matiya,l,2,0.18,11.09,0.37,12.7,1.54,0.85,Mugg
Loshkora,l,3,0.19,2.38,0.22,9.44,0.52,1.36,Kheshari
Loshkora,l,3,0.14,1.85,0.22,10.79,0.76,0.7,Kheshari
Gopalpur,mh,1,0.08,5.84,0.2,11.05,0.26,1.38,Kheshari
Gopalpur,ml,1,0.08,18.39,0.28,8.44,0.49,0.96,Mugg
Ishwardi,ml,2,0.11,19.22,0.46,15.92,1.45,2.07,Mugg
Gopalpur,ml,2,0.17,4.29,0.3,10.94,1.18,1.56,Kheshari
Gopalpur,ml,2,0.11,10.62,0.28,34.98,1.29,1.35,Mugg
Gopalpur,ml,2,0.1,16.94,0.34,18.08,1.57,0.9,Mugg
Ishwardi,ml,2,0.1,21.44,0.34,11.05,0.39,2.77,Mugg
Ishwardi,ml,2,0.08,6.51,0.38,25.77,0.53,2.85,Mugg
Ishwardi,ml,2,0.07,18.85,0.33,25.52,1.02,1.17,Mugg
Ishwardi,l,2,0.1,32.35,0.32,19.74,0.87,1.1,Mugg
Ramgoti,mh,1,0.087,3.9,0.25,16.7,0.31,0.33,Mugg
Ramgoti,mh,1,0.074,4.1,0.3,36.9,0.67,0.04,Mugg
Ramgoti,mh,1,0.084,2.3,0.3,29.3,0.73,0.05,Mugg
Ramgoti,mh,1,0.081,2.7,0.29,8.1,0.21,0.07,Kheshari
Ramgoti,mh,1,0.087,2.8,0.29,20.9,0.39,0.06,Mugg
Ramgoti,mh,1,0.101,2.2,0.27,31,0.57,0.04,Mugg
Ramgoti,mh,1,0.094,3.5,0.3,21.6,0.39,0.05,Mugg
Ramgoti,mh,1,0.054,2.9,0.23,8.9,0.15,0.08,Kheshari
Ramgoti,mh,1,0.087,3.7,0.23,9.5,0.2,0.07,Kheshari
Ramgoti,mh,1,0.091,3.9,0.17,5.9,0.21,0.04,Kheshari
Ramgoti,mh,1,0.054,5.2,0.23,7.8,0.15,0.06,Kheshari
Ramgoti,mh,1,0.128,7.8,0.3,7.8,0.35,0.08,Mugg
Ramgoti,mh,1,0.111,4.1,0.38,46.4,0.34,0.04,Mugg
Ramgoti,mh,1,0.071,3.9,0.1,17.1,0.2,0.05,Mugg
Ramgoti,mh,1,0.077,12.3,0.17,12.4,0.18,0.06,Mugg
Ramgoti,mh,1,0.007,6.2,0.25,6.2,0.29,0.04,Kheshari
Ramgoti,mh,1,0.084,3.7,0.32,16.1,0.26,0.05,Mugg
Ramgoti,mh,1,0.091,18.2,0.38,5.1,0.41,0.08,Mugg
Ramgoti,mh,1,0.064,4.3,0.17,10.8,0.14,0.06,Kheshari
Jhalkati,mh,2,0.074,2.9,0.22,11.5,0.28,0.09,Kheshari
Jhalkati,mh,2,0.087,7.2,0.21,22.4,1.52,0.05,Mugg
Jhalkati,mh,2,0.175,8.1,0.29,20.8,0.3,0.06,Mugg
Jhalkati,mh,2,0.09,3.5,0.24,13.8,0.21,0.04,Kheshari
Jhalkati,mh,2,0.108,4.1,0.13,9.2,0.19,0.07,Kheshari
Jhalkati,mh,2,0.108,4.2,0.29,22.1,0.26,0.08,Mugg
Jhalkati,mh,2,0.117,2.7,0.25,5.8,0.18,0.05,Kheshari
Jhalkati,mh,2,0.081,2.5,0.24,8.4,0.17,0.09,Kheshari
Jhalkati,mh,2,0.058,6.1,0.24,19.3,0.15,0.04,Mugg
Jhalkati,mh,2,0.099,3.8,0.17,13.8,0.16,0.06,Kheshari
Jhalkati,mh,2,0.103,3.5,0.26,6.3,0.19,0.08,Kheshari
Jhalkati,mh,2,0.103,5.1,0.23,6.8,0.18,0.07,Kheshari
Jhalkati,mh,2,0.121,2.4,0.4,12.3,0.19,0.09,Kheshari
Jhalkati,mh,2,0.099,2.3,0.21,12.2,0.18,0.04,Kheshari
Jhalkati,mh,2,0.139,4.1,0.22,5.8,0.22,0.08,Kheshari
Jhalkati,mh,2,0.103,4.2,0.25,4.7,0.19,0.05,Kheshari
Jhalkati,mh,2,0.081,6.1,0.37,24,0.19,0.17,Mugg
Jhalkati,mh,2,0.067,7.8,0.16,8.9,0.17,0.09,Mugg
Jhalkati,mh,2,0.183,6.2,0.33,5.6,0.14,0.08,Kheshari
Jhalkati,mh,2,0.09,2.5,0.17,3.4,0.2,0.06,Kheshari
Jhalkati,mh,2,0.085,2.3,0.21,11.3,0.24,0.04,Kheshari
Jhalkati,mh,2,0.054,6.1,0.24,12.2,0.16,0.08,Mugg
Jhalkati,mh,2,0.098,4.2,0.26,8.7,0.16,0.3,Kheshari
Jhalkati,mh,2,0.081,3.6,0.21,7.5,0.2,0.55,Kheshari
Jhalkati,mh,2,0.103,3.5,0.24,10.5,0.18,0.38,Kheshari
Jhalkati,mh,2,0.085,3.7,0.11,6.4,0.2,1.1,Kheshari
Jhalkati,mh,2,0.083,5.2,0.21,78,0.22,0.11,Rosun
Jhalkati,mh,2,0.083,4.9,0.19,25.5,0.35,0.05,Mugg
Jhalkati,mh,2,0.083,3.7,0.23,17.1,0.26,0.12,Mugg
Jhalkati,mh,2,0.083,4.9,0.16,5.3,0.45,0.05,Kheshari
Jhalkati,mh,2,0.072,4.1,0.16,19,0.3,0.34,Mugg
Jhalkati,mh,2,0.066,4.5,0.11,8,0.09,0.14,Kheshari
Jhalkati,mh,2,0.077,8.2,0.14,6.8,0.16,0.33,Kheshari
Jhalkati,mh,2,0.077,3.9,0.17,2.9,0.19,0.23,Kheshari
Jhalkati,mh,2,0.061,2.9,0.3,7.8,0.36,0.06,Kheshari
Jhalkati,mh,2,0.088,2.7,0.26,16,0.38,0.05,Kheshari
Jhalkati,mh,2,0.044,4.1,0.28,5.7,0.11,0.05,Kheshari
Jhalkati,mh,2,0.088,16.3,0.19,25.8,1.03,0.71,Mugg
Jhalkati,mh,2,0.066,3.1,0.28,13.9,0.74,0.28,Kheshari
Jhalkati,mh,2,0.077,3.2,0.28,27.2,0.45,0.06,Mugg
Jhalkati,mh,2,0.072,3.7,0.22,40.9,0.61,0.05,Mugg
Jhalkati,mh,2,0.069,3.9,0.25,69.9,0.81,0.07,Rosun
Jhalkati,mh,2,0.069,4.1,0.36,83.3,1.51,0.05,Rosun
Jhalkati,mh,2,0.017,3.7,0.15,6.9,0.08,0.06,Kheshari
Jhalkati,mh,2,0.04,3.2,0.19,13.8,0.34,0.04,Kheshari
Jhalkati,mh,2,0.046,3.3,0.23,13.3,0.25,0.05,Kheshari
Jhalkati,mh,2,0.029,4.1,0.15,33.5,0.45,0.36,Mugg
Jhalkati,mh,2,0.063,3.9,0.22,47.1,0.26,0.03,Mugg
Jhalkati,mh,2,0.063,4.2,0.29,17.2,0.19,0.07,Mugg
Jhalkati,mh,2,0.04,3.6,0.19,67,0.33,0.02,Rosun
Jhalkati,mh,2,0.075,3.8,0.32,6,0.35,0.06,Kheshari
Jhalkati,mh,2,0.069,3.7,0.3,6.6,0.35,0.11,Kheshari
Jhalkati,mh,2,0.069,3.3,0.14,43.2,0.4,0.04,Mugg
Jhalkati,mh,2,0.046,3.9,0.23,4.1,0.17,0.02,Kheshari
Jhalkati,mh,2,0.057,4.1,0.21,4.8,0.27,0.03,Kheshari
Jhalkati,mh,2,0.04,4.5,0.18,2.8,0.19,0.05,Kheshari
Jhalkati,mh,2,0.046,5.1,0.26,4.4,0.29,0.67,Kheshari
Jhalkati,mh,2,0.057,6.2,0.33,5.9,0.92,0.31,Kheshari
Jhalkati,mh,2,0.069,4.5,0.27,13.9,0.79,0.72,Kheshari
Jhalkati,mh,2,0.069,3.2,0.24,12.2,0.33,0.42,Kheshari
Jhalkati,mh,2,0.075,4.9,0.38,28.6,0.74,0.17,Mugg
Jhalkati,mh,2,0.046,4.1,0.35,8.3,0.83,0.45,Kheshari
Jhalkati,mh,2,0.086,4.7,0.32,31.8,0.84,0.31,Mugg
Jhalkati,mh,2,0.169,7.1,0.39,7.1,0.37,0.28,Kheshari
Jhalkati,mh,2,0.093,15.2,0.62,14.8,0.81,1.06,Mugg
Jhalkati,mh,2,0.082,5.2,0.26,4.9,0.44,0.42,Kheshari
Jhalkati,mh,2,0.077,3.9,0.25,2.5,0.31,0.05,Kheshari
Barisal,mh,3,0.061,2.7,0.16,9.1,0.37,0.05,Kheshari
Barisal,mh,3,0.066,2.5,0.18,9.7,0.32,0.05,Kheshari
Barisal,mh,3,0.094,4.1,0.17,10.4,0.66,0.06,Kheshari
Barisal,mh,3,0.061,3.9,0.22,10.9,0.24,0.05,Kheshari
Barisal,mh,3,0.099,4.1,0.32,4,0.3,0.11,Kheshari
Barisal,mh,3,0.105,3.2,0.34,11.6,0.7,0.06,Kheshari
Barisal,mh,3,0.094,3.7,0.22,44.4,0.88,0.05,Mugg
Barisal,mh,3,0.083,15.3,0.28,16.5,0.51,0.05,Mugg
Jhalkati,mh,3,0.071,4.5,0.23,9.4,0.85,0.69,Kheshari
Jhalkati,mh,2,0.082,3.9,0.2,3.3,0.22,0.25,Kheshari
Jhalkati,mh,2,0.098,5.3,0.15,6.8,0.85,1.03,Kheshari
Jhalkati,mh,2,0.077,5.2,0.19,12.7,0.82,0.49,Kheshari
Jhalkati,mh,2,0.082,4.8,0.15,27.3,0.45,0.4,Mugg
Jhalkati,mh,2,0.082,5.1,0.17,11.3,0.73,0.04,Kheshari
Jhalkati,mh,2,0.06,3.9,0.15,21,1.16,0.54,Mugg
Jhalkati,mh,2,0.071,3.7,0.13,5.9,0.51,0.27,Kheshari
Jhalkati,mh,2,0.082,5.6,0.11,4,0.33,0.23,Kheshari
Jhalkati,mh,2,0.045,5.2,0.14,4.6,0.053,0.31,Kheshari
Jhalkati,mh,2,0.039,4.1,0.25,8.8,0.82,0.33,Kheshari
Jhalkati,mh,2,0.129,4.2,0.26,5.4,0.51,1.04,Kheshari
Jhalkati,mh,2,0.056,4.9,0.32,6.4,0.052,0.55,Kheshari
Barisal,mh,3,0.066,4.5,0.21,2.8,0.28,0.49,Kheshari
Barisal,mh,3,0.06,3.7,0.21,3.9,0.051,0.3,Kheshari
Barisal,mh,3,0.082,5.9,0.27,15.5,1.31,0.39,Mugg
Barisal,mh,3,0.098,3.8,0.25,19.3,1.15,0.053,Mugg
Barisal,mh,3,0.071,8.5,0.27,4.4,0.22,0.06,Kheshari
Barisal,mh,3,0.098,12.3,0.54,8.6,0.76,0.56,Mugg
Barisal,mh,3,0.087,5.2,0.27,11.8,0.61,0.4,Kheshari
Barisal,mh,3,0.087,3.1,0.19,28.2,1,0.21,Mugg
Barisal,mh,3,0.082,3.2,0.16,5,0.29,0.56,Kheshari
Barisal,mh,3,0.104,4.1,0.28,7.1,1.02,0.45,Kheshari
Barisal,mh,3,0.071,3.9,0.31,2.8,0.22,0.55,Kheshari
Barisal,mh,3,0.115,3.7,0.2,15.2,0.78,0.44,Kheshari
Barisal,mh,3,0.087,4.2,0.2,5.6,1.38,0.62,Kheshari
Ramgoti,mh,3,0.05,3.9,0.19,3.8,0.34,0.25,Kheshari
Ramgoti,mh,3,0.056,3.7,0.28,7.4,0.52,0.49,Kheshari
Ramgoti,mh,3,0.045,10.2,0.18,4,0.4,0.56,Mugg
Ramgoti,mh,3,0.084,3.9,0.25,3.8,0.6,0.83,Kheshari
Katal Polimati,mh,1,0.095,3.8,0.21,15.4,1.1,0.43,Kheshari
Katal Polimati,mh,1,0.078,5.1,0.27,11.7,1.13,1.27,Kheshari
Katal Polimati,mh,1,0.078,5.2,0.24,4.2,0.17,0.34,Kheshari
Katal Polimati,mh,1,0.101,5.4,0.32,6.9,0.29,0.31,Kheshari
Katal Polimati,mh,1,0.039,5.6,0.17,4.3,0.29,0.41,Kheshari
Katal Polimati,mh,1,0.078,16.3,0.6,9.2,3.75,0.87,Mugg
Katal Polimati,mh,1,0.095,3.9,0.15,5.5,0.057,0.31,Kheshari
Katal Polimati,mh,1,0.101,12.2,0.16,8.4,0.38,0.23,Mugg
Katal Polimati,mh,1,0.095,4.9,0.18,3.6,0.4,0.33,Kheshari
Katal Polimati,mh,1,0.9,5.7,0.22,3.8,0.34,0.17,Kheshari
Ramgoti,mh,1,0.078,18.43,0.2,14.75,0.17,0.27,Mugg
Ramgoti,mh,1,0.073,13.62,0.13,14.2,0.07,0.11,Mugg
Ramgoti,mh,1,0.078,11.5,0.17,17.43,0.09,0.13,Mugg
Ramgoti,mh,1,0.067,14.42,0.14,11.2,0.06,0.12,Mugg
Ramgoti,mh,1,0.09,10.88,0.13,11.03,0.13,0.13,Mugg
Ramgoti,mh,1,0.112,5.25,0.19,22.69,0.19,0.21,Mugg
Ramgoti,mh,1,0.095,8.29,0.13,12.45,0.08,0.09,Mugg
Ramgoti,mh,1,0.095,5.28,0.19,19.9,0.18,0.12,Mugg
Ramgoti,mh,1,0.157,8.32,0.17,17.42,0.14,0.77,Mugg
Ramgoti,mh,1,0.09,5.5,0.23,21.59,0.2,0.66,Mugg
Nilkomol,mh,2,0.067,3.7,0.25,4.3,0.18,0.17,Kheshari
Nilkomol,mh,2,0.078,3.9,0.27,4.7,0.2,0.13,Kheshari
Nilkomol,mh,2,0.162,4.2,0.24,9.4,0.13,0.15,Kheshari
Nilkomol,mh,2,0.078,15.17,0.11,17.12,0.09,0.08,Mugg
Nilkomol,mh,2,0.056,10.57,0.1,23.38,0.08,0.07,Mugg
Nilkomol,mh,2,0.084,12.85,0.18,10.5,0.14,0.27,Mugg
Nilkomol,mh,2,0.14,12.92,0.17,11.23,0.16,0.32,Mugg
Nilkomol,mh,2,0.067,17.98,0.15,13.46,0.12,0.18,Mugg
Nilkomol,mh,2,0.056,17.3,0.17,11.88,0.09,0.06,Mugg
Nilkomol,mh,2,0.106,11.55,0.12,13.41,0.07,0.01,Mugg
Nilkomol,mh,2,0.112,4.29,0.13,12.47,0.22,0.13,Kheshari
Nilkomol,mh,2,0.101,4.09,0.13,9.23,0.18,0.05,Kheshari
Nilkomol,mh,2,0.101,6.24,0.12,9.18,0.18,0.18,Kheshari
Ramgoti,mh,1,0.095,7.25,0.11,12.72,0.11,0.16,Mugg
Ramgoti,mh,1,0.073,12.32,0.1,13.99,0.15,0.04,Mugg
Ramgoti,mh,1,0.101,10.25,0.09,10.82,0.14,0.32,Mugg
Ramgoti,mh,1,0.084,12.2,0.1,12.03,0.34,0.03,Mugg
Ramgoti,mh,1,0.078,15.11,0.1,10.19,0.12,0.04,Mugg
Ramgoti,mh,1,0.106,12.41,0.09,7.39,0.09,0.06,Mugg
Ramgoti,mh,1,0.095,12.54,0.08,8.19,0.16,0.05,Mugg
Ramgoti,mh,1,0.028,6.32,0.17,13.15,0.16,0.07,Mugg
Ramgoti,mh,1,0.122,11.72,0.2,12.22,0.09,0.35,Mugg
Ramgoti,mh,1,0.078,14.26,0.1,13.59,0.08,0.05,Mugg
Ramgoti,mh,1,0.078,10.52,0.13,10.56,0.11,0.06,Mugg
Ramgoti,mh,1,0.183,5.2,0.16,15.82,0.19,0.15,Mugg
Ramgoti,mh,1,0.128,8.29,0.16,9.3,0.62,0.07,Mugg
Meghnar Polimati,ml,1,0.106,11.75,0.14,8.38,0.52,0.05,Mugg
Meghnar Polimati,ml,1,0.106,12.08,0.07,11.64,0.34,0.04,Mugg
Meghnar Polimati,ml,1,0.083,12.31,0.15,9.93,0.18,0.02,Mugg
Meghnar Polimati,ml,1,0.106,19.91,0.15,8.49,0.15,0.04,Mugg
Meghnar Polimati,ml,1,0.089,10.93,0.21,7.7,0.14,0.05,Mugg
Meghnar Polimati,ml,1,0.072,10.03,0.12,13.9,0.07,0.06,Mugg
Meghnar Polimati,ml,1,0.05,11.91,0.11,5.03,0.06,0.09,Mugg
Meghnar Polimati,ml,1,0.006,17.62,0.2,11.78,0.08,0.09,Mugg
Meghnar Polimati,ml,1,0.067,14.02,0.16,10.1,0.07,0.06,Mugg
Meghnar Polimati,ml,1,0.078,17.8,0.19,7.07,0.1,0.06,Mugg
Meghnar Polimati,ml,1,0.067,12.96,0.27,8.02,0.23,0.05,Mugg
Meghnar Polimati,ml,1,0.089,11.49,0.14,12.87,0.09,0.13,Mugg
Meghnar Polimati,ml,1,0.056,19.55,0.28,6.29,0.22,0.06,Mugg
kula ura,h,2,0.04,4.9,0.17,12.17,1.1,0.35,Kheshari
kula ura,h,2,0.09,4.1,0.16,9.64,0.48,0.42,Kheshari
kula ura,h,2,0.026,3.2,0.06,11.78,0.51,0.17,Kheshari
boro lekha,h,4,0.05,6.5,0.08,11.71,0.39,0.24,Mugg
boro lekha,h,4,0.047,5.6,0.1,8.58,0.39,0.37,Kheshari
ghoshgao,h,2,0.031,5.4,0.12,30.07,0.8,0.37,Mugg
pritimpasha,mh,2,0.03,2.2,0.04,23.12,0.52,0.28,Mugg
gojni,h,4,0.073,7.5,0.12,20.58,0.58,0.31,Mugg
srimongol,h,2,0.085,5.6,0.15,14.1,0.75,0.48,Mugg
srimongol,h,2,0.59,5.7,0.14,8.69,0.71,0.37,Kheshari
srimongol,h,2,0.116,6.2,0.23,14.99,0.71,0.35,Mugg
srimongol,h,2,0.083,4.1,0.22,10.7,0.35,0.58,Kheshari
srimongol,h,2,0.073,7.2,0.15,11.2,0.55,0.13,Mugg
srimongol,h,2,0.1,10.2,0.2,14.18,1.13,0.8,Mugg
gojni,h,4,0.098,5,0.22,13.68,0.72,0.54,Mugg
gojni,h,4,0.068,5.6,0.15,9.81,0.68,0.57,Kheshari
gojni,h,4,0.087,3.2,0.15,18.61,0.45,0.62,Mugg
gojni,h,4,0.114,6.5,0.15,12.97,1.02,1.08,Mugg
gojni,h,4,0.062,6.3,0.08,14.18,0.62,0.25,Mugg
rotna,h,4,0.045,4.2,0.08,9.54,0.63,0.24,Kheshari
rotna,h,4,0.099,13.9,0.06,10.36,0.62,1.89,Mugg
pratimpasha,mh,2,0.094,13.1,0.19,30.45,2.14,0.27,Mugg
srimongol,h,2,0.075,3.9,0.17,37.36,1.48,0.38,Mugg
srimongol,h,2,0.069,3.5,0.15,15.6,0.52,0.08,Kheshari
gojni,h,4,0.098,10.1,0.04,14.97,0.96,0.56,Mugg
gojni,h,4,0.069,7.1,0.06,10.97,0.81,0.56,Mugg
gojni,h,4,0.028,4.2,0.06,36.9,0.92,0.7,Mugg
rotna,h,4,0.082,9.3,0.11,12.79,0.8,0.43,Mugg
rotna,h,4,0.089,11,0.08,13.44,0.82,0.09,Mugg
pratimpasha,mh,2,0.084,5.6,0.07,17.46,0.94,0.12,Mugg
pratimpasha,mh,2,0.119,7.7,0.1,6.26,0.96,0.79,Kheshari
pratimpasha,mh,2,0.087,5.9,0.12,7.73,0.77,0.47,Kheshari
monu,mh,1,0.049,9.2,0.06,25.44,0.68,0.97,Mugg
marisi,h,4,0.088,7.4,0.09,17.88,2.33,0.4,Mugg
bhugai,h,2,0.089,11.8,0.1,5.95,0.85,0.6,Mugg
jhinaigati ,h,2,0.078,8.2,0.11,21.2,1.52,0.3,Mugg
marisi,h,4,0.048,8,0.06,14.25,1.68,0.57,Mugg
ramnogor,h,3,0.059,4.2,0.1,41.33,1.57,0.45,Mugg
ramnogor,h,3,0.057,3.5,0.13,68.32,2.21,0.46,Rosun
jhinaigati ,h,2,0.059,7.6,0.07,21.39,1.86,0.44,Mugg
jhinaigati ,h,2,0.063,8.4,0.08,9.85,2.26,0.48,Mugg
jhinaigati ,h,2,0.07,2.6,0.08,18.03,1.98,0.43,Kheshari
jhinaigati ,h,2,0.071,3.4,0.09,8.42,1.18,0.44,Kheshari
jhinaigati ,h,2,0.096,4.5,0.1,5.03,1.79,0.73,Kheshari
jhinaigati ,h,2,0.077,11.1,0.06,9.5,1.6,0.57,Mugg
jhinaigati ,h,2,0.076,4.3,0.07,7.8,1.51,0.47,Kheshari
pritimpasha,mh,2,0.061,5.4,0.05,10.08,0.88,0.8,Kheshari
nunni,h,1,0.051,20.8,0.08,13.87,0.44,0.5,Mugg
nunni,h,1,0.062,12.4,0.05,14.18,0.8,0.62,Mugg
nunni,h,1,0.059,20.4,0.07,8.34,1.01,0.35,Mugg
nunni,h,1,0.074,21,0.09,5.06,0.83,0.25,Mugg
nunni,h,1,0.083,6,0.11,9.43,1.1,0.5,Kheshari
jhinaigati ,h,2,0.123,7.1,0.15,29.88,3.32,0.84,Mugg
pritimpasha,h,2,0.117,7.9,0.09,6.25,0.58,0.44,Kheshari
pritimpasha,h,2,0.133,9.1,0.09,19.61,0.95,0.7,Mugg
pritimpasha,h,2,0.089,5.4,0.16,75.43,1.76,0.85,Rosun
pritimpasha,h,2,0.124,8,0.15,47.31,2.51,0.37,Mugg
pritimpasha,h,2,0.102,9.6,0.1,9.25,1.62,0.82,Mugg
pritimpasha,h,2,0.085,4.9,0.1,32.19,2.26,0.78,Mugg
pritimpasha,h,2,0.059,1.5,0.07,22.31,1.7,0.8,Mugg
pritimpasha,h,2,0.049,7.8,0.06,14.21,0.44,0.72,Mugg
pritimpasha,h,2,0.57,9.9,0.09,15.8,0.64,0.7,Mugg
pritimpasha,mh,2,0.08,15.3,0.07,19.96,0.8,0.69,Mugg
pritimpasha,h,2,0.062,14.1,0.05,12.36,0.54,1.2,Mugg
pritimpasha,mh,2,0.067,10.8,0.05,18.3,0.66,0.68,Mugg
pritimpasha,mh,2,0.086,10.3,0.06,19.2,1.22,0.45,Mugg
pritimpasha,mh,2,0.08,2.9,0.12,17.99,0.44,0.38,Mugg
pritimpasha,mh,2,0.116,5,0.1,33.15,2.22,1.09,Mugg
pritimpasha,mh,2,0.71,4.4,0.06,24.05,1.3,0.83,Mugg
pritimpasha,mh,2,0.08,3.5,0.07,53.02,1.32,0.82,Mugg
pritimpasha,mh,2,0.095,5.5,0.08,19.15,1.48,0.69,Mugg
pritimpasha,mh,2,0.109,2.1,0.09,27.29,1.3,0.48,Mugg
pritimpasha,mh,2,0.064,1.9,0.1,66.68,1.6,1.26,Rosun
pritimpasha,mh,2,0.105,2.5,0.09,40.45,1.63,1.2,Mugg
pritimpasha,mh,2,0.078,2.9,0.06,13.25,0.68,0.56,Kheshari
pritimpasha,mh,2,0.095,5.2,0.07,19.15,0.66,2.21,Mugg
monu,mh,2,0.151,10.4,0.08,21.04,0.54,0.94,Mugg
monu,mh,2,0.109,2.3,0.24,80.11,3.74,0.29,Rosun
monu,mh,2,0.087,2.1,0.15,67.53,1.32,0.97,Rosun
monu,mh,2,0.114,3.5,0.11,66.9,1.54,0.88,Rosun
monu,mh,2,0.121,2.8,0.15,88.36,3.2,0.57,Rosun
monu,mh,2,0.11,3.3,0.17,81.76,1.7,0.6,Rosun
monu,mh,2,0.072,2.5,0.07,17.53,0.7,0.38,Kheshari
monu,mh,2,0.086,6.8,0.09,25.67,1.58,0.45,Mugg
monu,mh,2,0.102,7.9,0.06,22.28,1.62,0.37,Mugg
monu,mh,2,0.089,7.6,0.07,19.54,1.18,0.3,Mugg
monu,mh,2,0.041,4.8,0.05,15.94,0.59,0.1,Mugg
monu,mh,2,0.11,5.5,0.09,19,2.38,0.28,Mugg
monu,mh,2,0.132,2.9,0.12,42.61,2.6,0.44,Mugg
monu,mh,2,0.097,3.9,0.11,58,1.74,0.21,Mugg
pritimpasha,mh,2,0.106,5.7,0.18,60.01,2.86,0.22,Rosun
pritimpasha,mh,2,0.097,7.8,0.07,9.05,1.41,0.19,Mugg
nalitabari,mh,2,0.115,5,0.13,10.59,1.74,0.2,Kheshari
nalitabari,mh,2,0.12,4.8,0.12,61.7,1.02,0.19,Rosun
nalitabari,mh,2,0.107,17.4,0.11,65.78,2.38,0.18,Rosun
nalitabari,mh,2,0.059,5.8,0.05,11.55,1.32,0.29,Kheshari
nalitabari,mh,2,0.11,8,0.11,30.3,2.91,0.11,Mugg
nalitabari,mh,2,0.129,12.6,0.12,69.38,1.58,0.12,Rosun
nalitabari,mh,2,0.191,4.7,0.18,33.46,0.86,0.32,Mugg
nalitabari,mh,2,0.1,5.8,0.27,90.4,1.07,0.09,Rosun
nalitabari,mh,2,0.074,5.3,0.11,87.47,1.22,0.08,Rosun
nalitabari,mh,2,0.09,6,0.06,15.87,1.75,0.1,Mugg
nalitabari,mh,2,0.109,4.4,0.08,29.34,1.72,0.52,Mugg
nalitabari,mh,2,0.102,4.8,0.1,75.78,1.37,0.09,Rosun
nalitabari,ml,2,0.108,4.2,0.07,22.47,1.41,0.2,Mugg
nalitabari,ml,2,0.145,6.6,0.09,32.88,0.97,0.26,Mugg
nalitabari,ml,2,0.103,5.7,0.06,18.69,0.92,0.16,Mugg
nalitabari,ml,2,0.135,7.3,0.21,39.02,3.9,0.69,Mugg
nalitabari,ml,2,0.131,1.5,0.22,72.08,2.15,0.26,Rosun
tajpur,ml,2,0.106,5.9,0.24,115.8,1.58,0.18,Rosun
tajpur,ml,2,0.07,3.9,0.1,32.96,2.22,0.31,Mugg
tajpur,ml,2,0.105,8.2,0.18,33.27,1.48,0.09,Mugg
shonatola,h,1,0.096,8,0.1,26.11,0.48,0.07,Mugg
shonatola,h,1,0.094,2.4,0.09,19.77,0.47,0.24,Mugg
shonatola,h,1,0.089,6.6,0.13,22.89,1.72,0.25,Mugg
shonatola,h,1,0.079,3.5,0.08,25.56,0.48,0.27,Mugg
shonatola,h,1,0.101,4.4,0.07,9.97,0.82,0.19,Kheshari
shonatola,mh,1,0.095,7.3,0.09,29.95,0.91,0.32,Mugg
shonatola,mh,1,0.112,3.2,0.08,20.68,0.72,0.18,Mugg
shonatola,mh,1,0.097,3.7,0.1,22.78,1.22,0.19,Mugg
cilmind,mh,2,0.091,4.1,0.08,12.9,0.4,0.19,Kheshari
cilmind,mh,2,0.122,3.7,0.2,56.99,1.95,0.24,Mugg
cilmind,mh,2,0.103,2.4,0.1,28.1,1.86,0.26,Mugg
cilmind,mh,2,0.069,12.4,0.06,11.01,0.6,0.29,Mugg
ghatail,mh,2,0.165,4.6,0.13,52.19,1.28,0.53,Mugg
ghatail,mh,2,0.159,6,0.07,37.44,2.88,0.42,Mugg
ghatail,mh,2,0.149,8.7,0.1,60.93,1.24,0.22,Rosun
ghatail,mh,3,0.202,5.6,0.16,44.88,0.82,0.02,Mugg
ghatail,mh,3,0.119,3.5,0.11,24.75,1.14,0.31,Mugg
ghatail,mh,2,0.13,1.8,0.09,17.76,0.62,0.09,Kheshari
ghatail,ml,2,0.238,2,0.2,42.38,1.85,0.37,Mugg
ghatail,ml,2,0.142,3,0.22,64.94,1.45,0.18,Rosun
ghatail,ml,2,0.092,2.5,0.17,57.61,1.02,0.07,Mugg
ghatail,ml,2,0.129,2.9,0.23,50.61,1.58,0.17,Mugg
ghatail,ml,2,0.109,2.5,0.14,14.64,0.53,1.01,Kheshari
ghatail,ml,3,0.179,2,0.28,13.58,0.84,0.07,Kheshari
ghatail,ml,3,0.121,1.8,0.17,37.09,0.84,0.16,Mugg
balina,l,2,0.185,3.4,0.22,32.15,0.93,0.08,Mugg
balina,l,2,0.147,1.9,0.1,41.22,0.66,0.1,Mugg
Sara,h,1,0.1,9.28,0.27,6.84,0.72,0.48,Mugg
Sara,h,1,0.09,25.31,0.28,24.74,1.88,0.58,Mugg
Sara,h,1,0.09,7.62,0.36,8.27,1.12,0.49,Mugg
Sara,h,1,0.08,21.06,0.18,2.58,2.78,0.84,Mugg
Sara,h,1,0.1,18.72,0.37,5.28,0.85,0.64,Mugg
Sara,h,1,0.1,13.65,0.68,17.22,0.71,0.15,Mugg
Sara,h,1,0.09,8.75,0.18,4.57,0.88,0.45,Kheshari
Sara,h,1,0.09,9.24,0.15,12.28,2.21,0.72,Mugg
Sara,h,1,0.08,17.24,0.47,32.27,3.24,0.57,Mugg
Sara,h,1,0.09,10.35,0.22,10.74,0.98,0.82,Mugg
Sara,h,1,0.1,27.17,0.72,18.57,2.21,0.62,Mugg
Sara,h,1,0.06,8.22,0.34,13.57,0.97,0.88,Mugg
Sara,h,1,0.1,7.24,0.37,28.47,1.54,0.42,Mugg
Gopalpur,h,2,0.09,5.88,1.17,12.27,0.57,0.82,Mugg
Gopalpur,h,2,0.09,7.22,0.35,22.24,1.45,0.88,Mugg
Gopalpur,h,2,0.07,6.55,0.28,24.27,1.12,0.92,Mugg
Gopalpur,h,2,0.11,11.74,0.48,13.29,4.22,0.28,Mugg
Ishwardi,h,3,0.1,10.55,0.5,115.24,0.92,0.51,Rosun
Ishwardi,h,3,0.1,14.22,0.29,8.89,0.78,0.38,Mugg
Gopalpur,mh,2,0.1,10.24,0.21,14.24,1.27,0.36,Mugg
Gopalpur,mh,2,0.1,11.24,0.28,32.88,2.21,1.17,Mugg
Sara,h,1,0.09,22.24,0.33,32.21,1.45,0.27,Mugg
Sara,mh,1,0.08,6.24,0.37,14.21,0.67,0.52,Mugg
Gopalpur,mh,2,0.1,13.37,0.27,17.72,0.97,0.68,Mugg
Gopalpur,mh,2,0.11,6.84,0.38,13.72,0.97,0.62,Mugg
Gopalpur,mh,2,0.1,4.85,0.45,18.54,1.57,0.48,Mugg
Gopalpur,mh,2,0.11,7.45,0.21,64.87,2.27,0.57,Rosun
Gopalpur,mh,2,0.1,4.87,0.22,16.67,2.48,1.21,Mugg
Gopalpur,mh,2,0.09,14.54,0.3,11.72,1.21,0.77,Mugg
Gopalpur,mh,2,0.09,12.27,0.22,12.88,0.87,0.42,Mugg
Ishwardi,mh,3,0.11,12.87,0.32,12.45,1.12,0.77,Mugg
Gopalpur,h,2,0.11,5.57,0.22,37.24,2.32,0.92,Mugg
Gopalpur,h,2,0.11,12.57,0.42,10.57,4.72,0.47,Mugg
Ishwardi,mh,3,0.1,3.17,0.32,12.28,1.47,0.66,Kheshari
Ishwardi,mh,3,0.11,11.82,0.21,18.57,1.52,0.77,Mugg
Ishwardi,mh,3,0.1,6.84,0.35,28.57,1.57,0.32,Mugg
Ishwardi,mh,3,0.12,11.24,0.17,15.58,3.11,0.37,Mugg
Ghior,mh,3,0.11,4.37,0.21,8.21,0.87,0.72,Kheshari
Gopalpur,mh,2,0.1,14.24,0.32,2.88,0.72,0.91,Mugg
Ishwardi,ml,3,0.11,40.72,0.27,24.57,1.27,0.32,Mugg
Ghior,ml,3,0.14,12.45,0.52,21.74,1.47,0.45,Mugg
Ghior,ml,3,0.15,17.72,0.49,15.77,0.84,0.35,Mugg
Rayna,mh,1,0.14,12.45,0.52,21.78,1.47,0.45,Mugg
Rayna,mh,1,0.09,13.6,0.47,45.27,0.42,0.67,Mugg
Rayna,mh,1,0.07,1.12,0.52,5.24,0.45,0.68,Kheshari
Rayna,mh,1,0.09,15.09,0.62,18.81,0.71,0.52,Mugg
Gongar,mh,5,0.05,2.2,0.15,3.45,0.6,0.42,Kheshari
Gongar,ml,5,0.06,1.87,0.21,2.87,0.8,0.48,Kheshari
Gongar,ml,5,0.06,5.87,0.18,12.65,0.92,0.21,Mugg
Domar,h,4,0.04,23,0.14,11.9,0.33,0.3,Mugg
Domar,h,4,0.04,20,0.14,12.3,0.29,0.29,Mugg
Domar,h,4,0.004,18,0.2,7.3,0.024,0.24,Mugg
Domar,h,4,0.4,21,0.21,9.5,0.38,0.28,Mugg
Pirgacha,h,3,0.04,22,0.17,10.2,0.63,0.26,Mugg
Pirgacha,h,3,0.04,24,0.16,17.2,0.6,0.22,Mugg
Pirgacha,h,3,0.04,26,0.13,14,0.26,0.27,Mugg
Pirgacha,h,3,0.06,36,0.15,12,0.85,0.24,Mugg
Pirgacha,h,3,0.05,28,0.17,12.2,0.56,0.19,Mugg
Pirgacha,h,3,0.05,31,0.16,16.6,0.42,0.21,Mugg
Pirgacha,h,3,0.07,22,0.13,12.2,0.55,0.2,Mugg
Pirgacha,h,3,0.07,25,0.17,13.9,0.46,0.18,Mugg
Pirgacha,h,3,0.04,33,0.16,9.3,0.6,0.14,Mugg
Pirgacha,h,3,0.04,35,0.15,8.4,0.8,0.16,Mugg
Pirgacha,h,3,0.04,21,0.2,14.6,0.44,0.33,Mugg
Pirgacha,h,3,0.05,28,0.14,7.7,0.56,0.3,Mugg
Pirgacha,h,3,0.4,35,0.13,13.7,0.68,0.24,Mugg
Pirgacha,h,3,0.04,22,0.18,12,0.86,0.29,Mugg
Pirgacha,h,3,0.06,39,0.14,12.1,0.72,0.14,Mugg
Pirgacha,h,4,0.09,27,0.17,14.8,0.87,0.18,Mugg
Pirgacha,h,4,0.09,45,0.13,8.3,0.67,0.28,Mugg
Pirgacha,h,4,0.08,39,0.13,14.2,0.48,0.25,Mugg
Pirgacha,h,3,0.06,40,0.14,17.5,0.9,0.23,Mugg
Pirgacha,h,3,0.09,38,0.19,11.2,0.72,0.15,Mugg
Pirgacha,h,3,0.05,49,0.15,16.3,0.38,0.19,Mugg
Pirgacha,h,3,0.07,35,0.18,10.9,0.77,0.14,Mugg
Pirgacha,h,3,0.09,28,0.11,11.2,0.76,0.21,Mugg
Pirgacha,h,3,0.09,50,0.14,17.7,0.76,0.22,Mugg
Jamun,h,1,0.1,28,0.17,12.8,0.33,0.29,Mugg
Jamun,h,1,0.08,22,0.18,9.4,0.45,0.23,Mugg
Jamun,h,1,0.09,25,0.2,10.2,0.6,0.27,Mugg
Jamun,h,1,0.09,35,0.16,11.7,0.39,0.26,Mugg
Jamun,h,1,0.07,10,0.11,12.5,0.22,0.15,Mugg
Jamun,h,1,0.09,22,0.13,9.6,0.38,0.21,Mugg
Jamun,h,1,0.11,15,0.15,14.1,0.58,0.18,Mugg
Jamun,h,1,0.09,26,0.16,15.6,0.35,0.16,Mugg
Jamun,h,1,0.07,25,0.17,13.9,0.4,0.25,Mugg
Jamun,h,1,0.09,32,0.14,16.3,0.66,0.3,Mugg
Jamun,h,1,0.11,30,0.2,14.9,0.32,0.28,Mugg
Gangchara,mh,1,0.1,14.4,0.18,15.7,0.2,0.23,Mugg
polashbari,h,1,0.11,13.5,0.17,14.2,0.84,0.27,Mugg
polashbari,h,1,0.09,11.4,0.13,17.5,0.67,0.29,Mugg
polashbari,h,1,0.11,15,0.15,15.3,0.21,0.31,Mugg
polashbari,h,1,0.09,12.7,0.12,11.4,0.67,0.3,Mugg
polashbari,h,1,0.09,11,0.13,11.3,0.36,0.19,Mugg
polashbari,h,1,0.11,14.7,0.14,14.6,0.73,0.24,Mugg
polashbari,h,1,0.1,15,0.15,16.2,0.41,0.14,Mugg
polashbari,h,1,0.09,14,0.17,12,0.39,0.27,Mugg
polashbari,h,1,0.11,6.9,0.13,11.8,0.4,0.25,Mugg
polashbari,h,1,0.1,12,0.11,21.6,0.56,0.16,Mugg
polashbari,h,1,0.07,15,0.2,9.3,0.44,0.3,Mugg
polashbari,h,1,0.1,15.2,0.16,9.6,0.5,0.32,Mugg
polashbari,h,1,0.09,13,0.12,13.9,0.6,0.24,Mugg
Jamun,h,1,0.11,10.4,0.14,16.8,0.5,0.22,Mugg
Jamun,h,1,0.1,6.8,0.16,6.3,0.66,0.2,Kheshari
Jamun,h,1,0.07,12,0.18,5.6,0.56,0.22,Mugg
Jamun,h,1,0.1,13,0.14,6.3,0.78,0.27,Mugg
Gangchara,mh,1,0.1,7.2,0.12,7.8,0.63,0.16,Kheshari
Polashbari,h,1,0.09,17,0.13,11.9,0.6,0.26,Mugg
Polashbari,h,1,0.08,15,0.16,8.9,0.81,0.29,Mugg
Polashbari,h,1,0.07,11,0.18,11.5,0.85,0.33,Mugg
Jamun,h,1,0.07,10,0.14,9.1,0.62,0.34,Mugg
Jamun,h,1,0.1,11,0.13,6.6,0.67,0.24,Mugg
Jamun,h,1,0.9,9,0.2,22.12,0.8,0.31,Mugg
Jamun,h,1,0.1,16.8,0.18,7.3,0.71,0.33,Mugg
Jamun,h,1,0.1,5.6,0.17,5.7,0.68,0.25,Kheshari
Jamun,h,1,0.11,11.5,0.11,9.7,0.59,0.24,Mugg
Jamun,h,1,0.1,11.2,0.14,12.13,0.89,0.28,Mugg
Jamun,h,1,0.11,7.8,0.15,16.2,0.56,0.25,Mugg
Jamun,h,1,0.1,17,0.12,11.7,0.68,0.28,Mugg
Jamun,h,1,0.1,20.7,0.19,16.7,0.74,0.23,Mugg
Jamun,h,1,0.09,7.1,0.17,14.6,0.61,0.26,Mugg
Jamun,h,1,0.1,12.8,0.13,23.5,0.58,0.36,Mugg
Gangchara,h,1,0.1,5.6,0.15,14.4,0.62,0.22,Mugg
Gangchara,h,1,0.11,6.9,0.12,13.9,0.57,0.29,Mugg
Gangchara,h,1,0.11,8.2,0.15,11.4,0.59,0.23,Mugg
Gangchara,h,1,0.1,14.9,0.11,14,0.95,0.25,Mugg
Gangchara,h,1,0.1,6.4,0.13,15.4,0.81,0.7,Mugg
Gangchara,h,1,0.09,6.6,0.16,18.8,0.87,0.13,Mugg
Gangchara,h,1,0.01,6,0.15,12.8,0.69,0.15,Mugg
manda,mh,1,0.01,15,0.17,17.1,0.57,0.16,Mugg
manda,mh,1,0.11,4.6,0.18,13.5,0.59,0.21,Kheshari
Gangchara,mh,1,0.11,13.5,0.18,19.7,0.67,0.27,Mugg
Gangchara,mh,1,0.09,11.7,0.12,13.9,0.65,0.23,Mugg
Gangchara,mh,1,0.1,5.9,0.16,11.6,0.54,0.15,Kheshari
Gangchara,mh,1,0.1,14.5,0.16,18.1,0.66,0.19,Mugg
Gangchara,mh,1,0.1,8.7,0.14,13.2,0.66,0.25,Mugg
manda,mh,1,0.08,5.6,0.2,20.4,0.68,0.24,Mugg
manda,mh,1,0.08,8.2,0.16,26.6,0.87,0.27,Mugg
manda,mh,1,0.11,15.2,0.2,13,0.76,0.18,Mugg
Gangchara,mh,1,0.11,5.7,0.12,12.8,0.6,0.32,Mugg
Gangchara,mh,1,0.1,6.9,0.18,18.2,0.6,0.25,Mugg
Gangchara,mh,1,0.09,21,0.21,17.1,0.62,0.3,Mugg
Gangchara,mh,1,0.11,8.3,0.14,20.5,0.69,0.19,Mugg
Gangchara,mh,1,0.11,16.2,0.15,16.3,0.6,0.3,Mugg
Gangchara,mh,1,0.11,5.7,0.2,17.3,0.63,0.24,Mugg
Gangchara,mh,1,0.1,8.2,0.15,15.6,0.86,0.22,Mugg
Gangchara,mh,1,0.1,16.2,0.12,31.3,0.63,0.28,Mugg
Gangchara,mh,1,0.12,6.8,0.12,17,0.71,0.23,Mugg
manda,mh,1,0.11,8.4,0.13,15.2,0.63,0.21,Mugg
manda,mh,1,0.12,8.5,0.11,11.5,0.63,0.22,Mugg
manda,mh,1,0.11,9.7,0.14,13.9,0.6,0.28,Mugg
manda,mh,1,0.1,9.9,0.15,12,0.54,0.24,Mugg
manda,mh,1,0.11,5.2,0.15,11.3,0.61,0.3,Kheshari
manda,mh,1,0.08,12.8,0.13,15.4,0.63,0.26,Mugg
manda,mh,1,0.1,7,0.17,13.3,0.63,0.24,Mugg
Gangchara,mh,1,0.1,8.4,0.2,13.8,0.51,0.18,Mugg
Gangchara,mh,1,0.11,13.1,0.14,14.2,0.56,0.26,Mugg
Gangchara,mh,1,0.09,14.6,0.18,18.9,0.32,0.29,Mugg
Gangchara,mh,1,0.12,7.2,0.14,17.1,0.65,0.23,Mugg
Gangchara,mh,1,0.11,7.5,0.14,19.4,0.33,0.27,Mugg
Gangchara,mh,1,0.1,6.6,0.15,10,0.5,0.31,Kheshari
Gangchara,mh,1,0.11,10.4,0.15,9.8,0.23,0.16,Mugg
Gangchara,mh,1,0.1,6.5,0.15,21.6,0.37,0.19,Mugg
Gangchara,mh,1,0.11,6.7,0.12,11.7,0.35,0.21,Mugg
Gangchara,mh,1,0.11,9.9,0.14,1.9,0.5,0.18,Kheshari
Gangchara,mh,1,0.11,9.3,0.16,10.7,0.37,0.32,Mugg
Gangchara,mh,1,0.09,12.4,0.17,15.7,0.3,0.24,Mugg
Gangchara,mh,1,0.11,8.7,0.15,9.7,0.18,0.31,Mugg
Gangchara,mh,1,0.12,7.4,0.15,18.6,0.14,0.25,Mugg
Gangchara,mh,1,0.04,8,0.13,13.9,0.21,0.31,Mugg
Sara,h,1,0.07,11.12,0.27,18.89,0.96,0.32,Mugg
Sara,h,1,0.08,17.43,0.32,12.55,0.93,0.2,Mugg
Sara,h,1,0.07,20.25,0.31,21.87,0.9,0.36,Mugg
Sara,h,1,0.08,19.5,0.27,33.89,0.65,0.06,Mugg
Gopalpur,h,2,0.06,17.16,22.41,22.41,0.8,0.08,Rosun
Gopalpur,h,2,0.08,36.22,32.95,32.95,0.95,0.12,Rosun
Gopalpur,mh,2,0.07,22.17,13.94,13.94,0.72,0.08,Mugg
Ishwardi,mh,3,0.07,25.17,12.38,12.38,0.68,0.34,Mugg
Ishwardi,mh,3,0.06,25.93,0.47,33.51,0.56,0.11,Mugg
Ishwardi,mh,3,0.08,9.6,0.26,20,1.08,0.36,Mugg
Sara,h,1,0.07,19.08,0.4,12.43,0.86,0.04,Mugg
Sara,h,1,0.07,22.14,0.29,37.06,0.98,0.05,Mugg
Sara,h,1,0.08,25.91,0.25,24.64,1.01,0.17,Mugg
Sara,h,1,0.08,17.1,0.35,22.34,0.85,0.05,Mugg
Sara,h,1,0.07,17.65,0.36,32.63,0.78,0.04,Mugg
Sara,h,1,0.06,23.58,0.27,22.86,0.92,0.06,Mugg
Sara,h,1,0.07,12.14,0.24,32.22,0.68,0.04,Mugg
Sara,h,1,0.07,28.21,0.23,24.32,0.72,0.17,Mugg
Sara,h,1,0.08,23.75,0.3,35.81,1.05,0.04,Mugg
Sara,h,1,0.08,42.39,0.27,33.44,1.3,0.31,Mugg
Gopalpur,h,2,0.08,36.7,0.37,22.07,1.18,0.23,Mugg
Gopalpur,h,2,0.08,38.22,0.35,32.43,1.08,0.15,Mugg
Gopalpur,h,2,0.07,48.33,0.32,35.82,0.88,0.24,Rosun
Gopalpur,h,2,0.08,42.14,0.41,12.6,0.86,0.26,Mugg
Gopalpur,h,2,0.06,43.27,0.41,32.78,1.05,0.41,Mugg
Gopalpur,h,2,0.07,29.45,0.35,16.26,1.09,0.07,Mugg
Gopalpur,mh,2,0.07,18.02,0.26,31.1,1.08,0.05,Mugg
Gopalpur,mh,2,0.08,9.15,0.35,42,0.92,0.26,Mugg
Gopalpur,mh,2,0.06,18.07,0.28,13.56,0.98,0.21,Mugg
Ishwardi,mh,3,0.07,42.35,0.38,21.74,0.78,0.16,Mugg
Ishwardi,mh,3,0.08,20.1,0.36,33.18,0.68,0.09,Mugg
Ishwardi,mh,3,0.07,34.2,0.29,14.95,0.84,0.08,Mugg
Ishwardi,mh,3,0.08,17.18,0.36,23.65,0.92,0.05,Mugg
Ishwardi,mh,3,0.08,37.45,0.38,22.8,1.13,0.04,Mugg
Sara,h,1,0.07,15.2,0.26,32.38,1.08,0.06,Mugg
Sara,h,1,0.08,12.82,0.25,20.55,0.95,0.04,Mugg
Sara,h,1,0.08,24.12,0.28,22.77,1.09,0.09,Mugg
Sara,h,1,0.07,20.74,0.28,33.3,0.91,0.1,Mugg
Gopalpur,h,2,0.07,11.64,0.25,22.09,0.84,0.04,Mugg
Gopalpur,h,2,0.08,37.48,0.28,21.66,0.79,0.18,Mugg
Gopalpur,h,2,0.06,12.75,0.3,23.48,0.89,0.06,Mugg
Gopalpur,h,2,0.06,10.61,0.34,32.43,1.13,0.1,Mugg
Gopalpur,h,2,0.07,18.47,0.31,22.58,0.93,0.65,Mugg
Ishwardi,h,3,0.08,19.6,0.32,22.19,1.27,0.53,Mugg
Ishwardi,h,3,0.06,14.78,0.3,15.93,1.05,0.39,Mugg
Ishwardi,h,3,0.07,32.42,0.39,34.18,0.92,0.28,Mugg
Ishwardi,h,3,0.08,14.3,0.3,32.35,0.72,0.43,Mugg
Ishwardi,h,3,0.08,39.4,0.36,26.82,1.19,0.48,Mugg
Ishwardi,h,3,0.07,24.6,0.33,25.61,1.04,0.49,Mugg
Ishwardi,h,3,0.07,10.38,0.37,21.24,0.95,0.4,Mugg
Gopalpur,mh,2,0.06,24.16,0.43,15.93,1.01,0.34,Mugg
Gopalpur,mh,2,0.07,16.34,0.47,26.53,0.92,0.32,Mugg
Ishwardi,mh,3,0.08,20.55,0.43,23.79,1.09,0.31,Mugg
Ishwardi,mh,3,0.07,18.14,0.4,23.84,0.78,0.4,Mugg
Ishwardi,mh,3,0.07,10.2,0.36,26.52,0.84,0.59,Mugg
Ishwardi,mh,3,0.08,12.8,0.35,22.59,0.86,0.32,Mugg
Ishwardi,mh,3,0.06,17.49,0.44,15.63,0.95,0.43,Mugg
Ishwardi,mh,3,0.07,20.98,0.47,20.56,1.06,0.42,Mugg
Ishwardi,mh,3,0.07,27.1,0.34,37.18,0.91,0.16,Mugg
Gopalpur,h,2,0.06,41.07,0.37,22.29,0.86,0.32,Mugg
Gopalpur,h,2,0.08,17.55,0.33,33.57,0.75,0.53,Mugg
Ishwardi,mh,3,0.07,21.84,0.38,24.07,0.68,0.63,Mugg
Ishwardi,mh,3,0.09,34.9,0.41,27.86,0.62,0.58,Mugg
Ishwardi,mh,3,0.08,15.65,0.32,34.63,0.56,0.32,Mugg
Ishwardi,mh,3,0.07,20.36,0.45,34.45,0.88,0.62,Mugg
Sara,h,1,0.08,39.14,0.29,29.07,0.92,0.51,Mugg
Ishwardi,h,3,0.07,16.43,0.3,23.53,0.81,0.66,Mugg
Ishwardi,mh,3,0.07,17.58,0.38,36.8,1.05,0.56,Mugg
Ishwardi,mh,3,0.08,14.58,0.31,23.05,1.1,0.46,Mugg
Sara,h,1,0.07,21.76,0.31,34.87,0.96,0.62,Mugg
Ishwardi,mh,3,0.08,15.56,0.37,29.31,0.83,0.43,Mugg
Gopalpur,mh,2,0.07,28.47,0.26,33.39,0.61,0.72,Mugg
Gopalpur,mh,2,0.08,24.32,0.2,25.95,0.84,0.81,Mugg
Ishwardi,mh,3,0.08,24.55,0.27,17.45,0.79,0.17,Mugg
Ishwardi,mh,3,0.07,11.19,0.28,25.09,0.91,0.28,Mugg
Ishwardi,mh,3,0.08,20.99,0.3,39.94,1.12,0.44,Mugg
Ishwardi,mh,3,0.09,42.8,0.5,24.74,1.56,0.92,Mugg
Ishwardi,mh,3,0.08,31.63,0.43,24.65,0.7,0.69,Mugg
Ishwardi,mh,3,0.08,20.7,0.29,23.97,0.52,0.29,Mugg
Ishwardi,mh,3,0.07,25.6,0.3,37.91,0.84,0.12,Mugg
Ishwardi,mh,3,0.07,21.4,0.38,37.97,0.78,0.42,Mugg
Ishwardi,mh,3,0.07,6.65,0.35,15.86,1.47,0.58,Mugg
Ishwardi,mh,3,0.08,18.67,0.34,16.07,1.38,0.16,Mugg
Ishwardi,mh,3,0.09,21.23,0.41,28.85,0.4,0.08,Mugg
Ishwardi,mh,3,0.09,29.85,0.42,23.47,0.75,0.2,Mugg
Ishwardi,mh,3,0.09,35.21,0.47,36.13,0.48,0.16,Mugg
Ishwardi,mh,3,0.08,29.84,0.42,14.51,1.39,0.21,Mugg
Ishwardi,mh,3,0.08,28.18,0.49,29.02,0.61,0.05,Mugg
Ishwardi,mh,3,0.09,45.05,0.39,33.77,0.41,0.08,Mugg
Ghior,mh,3,0.08,22.18,0.38,27.75,0.64,0.71,Mugg
Ghior,mh,3,0.07,16.25,0.36,25.11,0.62,0.54,Mugg
Ghior,mh,3,0.08,23.67,0.4,34.38,0.46,0.91,Mugg
Ghior,mh,3,0.07,26.8,0.4,23.73,1.26,0.81,Mugg
Ghior,mh,3,0.08,26.67,0.32,82.14,0.33,0.73,Rosun
Ghior,ml,3,0.08,25.8,0.29,24.95,0.41,0.59,Mugg
Bajowa,mh,2,0.07,29.25,0.4,25.12,0.46,0.95,Mugg
Bajowa,mh,2,0.07,26.52,0.41,35,0.35,1.03,Mugg
Bajowa,mh,2,0.08,12.56,0.32,108,0.38,0.88,Rosun
Bajowa,mh,2,0.07,19.06,0.45,38.79,0.46,0.76,Mugg
Bajowa,mh,2,0.08,29.16,0.29,26.24,0.57,0.48,Mugg
Bajowa,mh,2,0.07,15.28,0.43,56.76,0.52,0.26,Rosun
Bajowa,mh,2,0.08,12.11,0.4,58.11,0.72,0.37,Rosun
Bajowa,mh,2,0.08,20.25,0.37,24.26,0.46,0.25,Mugg
Bajowa,mh,2,0.07,12.58,0.42,86.27,0.74,0.37,Rosun
Bajowa,mh,2,0.08,16.7,0.38,112,0.89,0.58,Rosun
Bajowa,mh,2,0.08,11.84,0.4,76.95,0.92,0.82,Rosun
Bajowa,mh,2,0.07,14.74,0.49,73.16,1.04,0.62,Rosun
Bajowa,mh,2,0.08,11.48,0.42,60.91,0.67,0.9,Rosun
Bajowa,mh,2,0.09,23.96,0.35,38.59,0.81,0.59,Mugg
Bajowa,mh,2,0.08,15.34,0.39,110,0.8,0.94,Rosun
Barishal,mh,3,0.08,18.11,0.48,81.51,0.72,0.51,Rosun
Barishal,mh,3,0.07,11.99,0.47,80.93,1,0.59,Rosun
Barishal,mh,3,0.07,17.18,0.49,105,1.31,1.18,Rosun
Barishal,mh,3,0.08,12.92,0.41,73.23,0.95,0.67,Rosun
Barishal,mh,3,0.07,13.4,0.49,104,1.01,0.67,Rosun
Barishal,mh,3,0.08,11.65,0.46,86.55,0.94,1.16,Rosun
Barishal,mh,3,0.09,28.37,0.47,66.72,0.77,0.81,Rosun
Barishal,mh,3,0.07,12.25,0.33,27.34,0.95,1.02,Mugg
Barishal,mh,3,0.07,18.2,0.47,36.14,0.63,0.92,Mugg
Barishal,mh,3,0.08,18.16,0.42,25.12,0.75,0.49,Mugg
Barishal,mh,3,0.07,15.18,0.48,39.72,0.87,1.09,Mugg
Barishal,mh,3,0.08,17.4,0.46,49.51,1.07,1.3,Mugg
Barishal,mh,3,0.09,28.49,0.47,60.51,1.9,1.39,Rosun
Barishal,mh,3,0.08,16.37,0.59,52.48,0.69,1.1,Rosun
Barishal,mh,3,0.07,12.44,0.46,50,0.62,1.02,Mugg
Barishal,mh,3,0.08,9.8,0.49,52,0.42,1.59,Mugg
Barishal,mh,3,0.07,23.98,0.55,38.99,0.56,0.52,Mugg
Barishal,mh,3,0.08,19.82,0.5,29.31,0.8,0.29,Mugg
Barishal,mh,3,0.07,15.71,0.53,17.91,0.78,0.34,Mugg
Barishal,mh,3,0.08,11.5,0.42,31.06,0.84,0.34,Mugg
Barishal,mh,3,0.07,10.46,0.6,33.46,0.62,0.92,Mugg
Barishal,mh,3,0.07,15.99,0.63,25.84,1.35,1.03,Mugg
Barishal,mh,3,0.07,10.98,0.61,26.09,0.82,1.07,Mugg
Barishal,mh,3,0.08,17.65,0.6,27.47,1.95,1.09,Mugg